Game,Pin Title,Pin Description,Keywords
snake,🎮 Play Snake Game Online FREE - Classic Arcade Fun,Love the classic Snake game? Play it FREE online at GameZipper — no download no signup! Eat food grow longer beat your high score. Works on phone & desktop! 🔗 gamezipper.com/snake,snake game play snake online free classic snake game browser game arcade game
2048,🧩 Play 2048 Puzzle Game FREE Online - Brain Training Fun,Can you reach 2048? Play the viral puzzle game FREE online! Slide tiles merge numbers train your brain. No download instant play on any device 🔗 gamezipper.com/2048,2048 game play 2048 online free puzzle game brain game number puzzle
brick-breaker,💥 Brick Breaker Game FREE Online - Classic Arcade Action,Smash bricks with power-ups! Play Brick Breaker FREE online — the classic breakout game reinvented. Addictive levels no download needed 🔗 gamezipper.com/brick-breaker,brick breaker breakout game play free online arcade game classic game
word-puzzle,📝 Word Puzzle Game FREE Online - Like Wordle!,Love Wordle? Try our FREE word puzzle game online! Guess the 5-letter word in 6 tries. Brain training word game for all ages 🔗 gamezipper.com/word-puzzle,word puzzle wordle alternative play free online word game brain game
phantom-blade,⚔️ Phantom Blade FREE Online - Ninja Action Game,Slice through enemies in Phantom Blade! FREE ninja sword fighting game online. Epic combos fast-paced action no download 🔗 gamezipper.com/phantom-blade,ninja game sword fighting action game play free online phantom blade
dessert-blast,🍰 Dessert Blast FREE Online - Sweet Match 3 Game,Satisfy your sweet tooth! Play Dessert Blast FREE — match 3 desserts and blast through yummy levels. No download play now 🔗 gamezipper.com/dessert-blast,match 3 game dessert game candy game play free online puzzle game
color-sort,🎨 Color Sort Puzzle FREE Online - Satisfying Brain Game,Sort colors in this satisfying puzzle! Color Sort is FREE to play online. Relaxing brain training game — no download needed 🔗 gamezipper.com/color-sort,color sort puzzle brain game satisfying game play free online sorting game
flappy-wings,🐦 Flappy Wings FREE Online - Addictive Flying Game,Flappy Bird fans — try Flappy Wings FREE online! Tap to fly dodge pipes beat your score. Addictive instant play on phone & desktop 🔗 gamezipper.com/flappy-wings,flappy bird game flying game tap game play free online addictive game
stacker,🏗️ Stacker Game FREE Online - How High Can You Build?,Stack blocks perfectly in Stacker! FREE timing game online — test your precision and build the tallest tower. No download 🔗 gamezipper.com/stacker,stacker game stacking game timing game play free online precision game
typing-speed,⌨️ Typing Speed Test FREE Online - How Fast Can You Type?,Test your typing speed FREE online! Fun typing game to practice and improve your WPM. Works on all devices no signup 🔗 gamezipper.com/typing-speed,typing test typing speed game typing practice play free online WPM test
whack-a-mole,🔨 Whack-a-Mole FREE Online - Classic Reaction Game,Whack those moles! Play Whack-a-Mole FREE online — classic reaction time game. Fun for all ages instant play 🔗 gamezipper.com/whack-a-mole,whack a mole reaction game classic game play free online arcade game
memory-match,🧠 Memory Match FREE Online - Brain Training Card Game,Train your brain with Memory Match! FREE online card matching game. Improve memory skills while having fun 🔗 gamezipper.com/memory-match,memory game card matching brain training play free online memory match
idle-clicker,👆 Idle Clicker Game FREE Online - Addictive Clicking Fun,Can't stop clicking! Play Idle Clicker FREE online — upgrade your click power and build an empire. No download 🔗 gamezipper.com/idle-clicker,idle game clicker game cookie clicker play free online idle clicker
ocean-gem-pop,💎 Ocean Gem Pop FREE Online - Bubble Shooter Game,Pop gems under the sea! Ocean Gem Pop is a FREE bubble shooter game online. Beautiful graphics addictive gameplay 🔗 gamezipper.com/ocean-gem-pop,bubble shooter gem game ocean game play free online puzzle shooter
wood-block-puzzle,🪵 Wood Block Puzzle FREE Online - Classic Puzzle Game,Fill rows and columns in Wood Block Puzzle! FREE classic puzzle game online — relaxing and addictive. No download 🔗 gamezipper.com/wood-block-puzzle,wood block puzzle 1010 game block puzzle play free online puzzle
kitty-cafe,🐱 Kitty Cafe FREE Online - Cute Cat Management Game,Run your own cat cafe! Kitty Cafe is a FREE online management game. Serve customers collect adorable cats 🔗 gamezipper.com/kitty-cafe,cat game cafe game management game play free online cute game
bolt-jam-3d,🔩 Bolt Jam 3D FREE Online - Satisfying Sort Puzzle,Sort colorful bolts in Bolt Jam 3D! FREE satisfying puzzle game online. 3D graphics addictive sorting gameplay 🔗 gamezipper.com/bolt-jam-3d,bolt jam sort puzzle 3D game satisfying game play free online
abyss-chef,🐙 Abyss Chef FREE Online - Underwater Cooking Game,Cook deep sea dishes! Abyss Chef is a FREE underwater cooking game online. Manage your ocean restaurant 🔗 gamezipper.com/abyss-chef,cooking game restaurant game underwater game play free online chef game
cloud-sheep,☁️ Cloud Sheep FREE Online - Cute Casual Game,Fluffy sheep on clouds! Cloud Sheep is a FREE cute casual game online. Relaxing gameplay adorable graphics 🔗 gamezipper.com/cloud-sheep,sheep game casual game cute game play free online relaxing game
bounce-bot,🤖 Bounce Bot FREE Online - Robot Platformer Game,Bounce through platforms with your robot! Bounce Bot is a FREE arcade game online. Addictive platforming action 🔗 gamezipper.com/bounce-bot,robot game platformer game bounce game play free online arcade
glyph-quest,🔮 Glyph Quest FREE Online - Ancient Word Puzzle,Decode ancient glyphs! Glyph Quest is a FREE word puzzle adventure online. Mysterious word challenges await 🔗 gamezipper.com/glyph-quest,word puzzle adventure game glyph quest play free online word game
paint-splash,🎨 Paint Splash FREE Online - Creative Art Game,Splash colors everywhere! Paint Splash is a FREE creative game online. Mix colors make beautiful art 🔗 gamezipper.com/paint-splash,paint game art game color game creative game play free online
sushi-stack,🍣 Sushi Stack FREE Online - Delicious Food Puzzle,Stack delicious sushi! Sushi Stack is a FREE food puzzle game online. Yummy stacking fun no download 🔗 gamezipper.com/sushi-stack,sushi game food game stacking game play free online puzzle game
catch-turkey,🦃 Catch Turkey FREE Online - Fun Catching Game,Catch the turkeys! Fun FREE online catching game for all ages. Quick reflexes needed 🔗 gamezipper.com/catch-turkey,turkey game catching game fun game play free online reaction game
